label,sample
book_name,The Whisperer in Darkness
book_name,The Haunter of the Dark
book_name,The Yellow Wallpaper
book_name,The Picture in the House
book_name,The Call of Cthulhu
book_name,One Small, Valuable Thing
book_name,Pickman’s Model
book_name,The Hound
book_name,The Cats of Ulthar
book_name,The Temple
book_name,Cool Air
book_name,From Beyond
book_name,The Statement of Randolph Carter
podcast_name,HPPodcraft
podcast_episode,Wentworth’s Day
podcast_episode,Skule Skerry
podcast_episode,The Owl’s Ear
podcast_episode,The Snail
podcast_episode,The Shadow Over Innsmouth
podcast_episode,The Tale of Satampra Zeiros
podcast_episode,The Whistling Room
podcast_episode,The Door of the Unreal
podcast_episode,The Lurker at the Threshold
podcast_episode,Jack
podcast_episode,The Lovecraft Comedy Quiz Show
podcast_episode,The Shunned House
podcast_episode,The White Wolf
podcast_episode,On the River
podcast_episode,Leiningen Versus the Ants
podcast_episode,The Last Test
podcast_episode,Special Thanks & Future Plans
podcast_episode,O Ugly Bird!
podcast_episode,The Repairer of Reputations
podcast_episode,The Cask of Amontillado
podcast_episode,The Dark Brotherhood
podcast_episode,Phillinion and Machates
podcast_episode,Strange Eons
podcast_episode,The Whisperer in Darkness
podcast_episode,Shadow & Silence
podcast_episode,The Hoard of the Gibbelins & How Nuth Would Have Practiced His Art Upon the Gnoles
podcast_episode,The Battery
podcast_episode,The Wondersmith
podcast_episode,Space
podcast_episode,The Return of the Sorcerer
podcast_episode,Worms of the Earth
podcast_episode,Carmilla
podcast_episode,The Terrible Old Man
podcast_episode,The Screaming Skull
podcast_episode,The Electric Executioner
podcast_episode,Through the Gates of the Silver Key
podcast_episode,The Camp of the Dog
podcast_episode,The Dream
podcast_episode,The Evil Clergyman & The Horror in the Burying
podcast_episode,The School Friend
podcast_episode,The Turn of the Screw
podcast_episode,The Vampyre
podcast_episode,Green Magic
podcast_episode,The Were
podcast_episode,The Possibility of Evil
podcast_episode,The Brood of Bubastis
podcast_episode,The Monster Maker
podcast_episode,Ex Oblivione & The Nameless City
podcast_episode,Winged Death
podcast_episode,Ashes
podcast_episode,The Burial of the Rats
podcast_episode,The Nameless Offspring
podcast_episode,Unseen — Unfeared
podcast_episode,The Veldt
podcast_episode,The Soul of Laploshka & The Open Window
podcast_episode,Christmas Re
podcast_episode,Hop
podcast_episode,Pickman’s Model
podcast_episode,The Hour That Stretches
podcast_episode,The Loved Dead
podcast_episode,What Was It?
podcast_episode,Skulls in the Stars
podcast_episode,The Street That Wasn't There
podcast_episode,The Red Room
podcast_episode,Mr. Arcularis
podcast_episode,The White Wolf of the Hartz Mountains
podcast_episode,The Shadow from the Steeple
podcast_episode,The Most Dangerous Game
podcast_episode,The Phantom Coach
podcast_episode,One of Cleopatra’s Nights
podcast_episode,Fungi from Yuggoth
podcast_episode,The Temple
podcast_episode,The Floor Above
podcast_episode,A Very Old Man with Enormous Wings
podcast_episode,The Call of Wings
podcast_episode,The Three Sailors’ Gambit & The Riddle
podcast_episode,The Lair of the White Worm
podcast_episode,Concerning Corinna
podcast_episode,The Pool
podcast_episode,The Jar
podcast_episode,The Spider
podcast_episode,The Day of the Dragon
podcast_episode,IT
podcast_episode,THE XIPÉHUZ
podcast_episode,The Man of Stone
podcast_episode,The Night Ocean
podcast_episode,The Bed by the Window
podcast_episode,The Premature Burial
podcast_episode,The Snout
podcast_episode,The Colour Out of Space Revisited
podcast_episode,Two Black Bottles
podcast_episode,The Familiar
podcast_episode,Empire of the Necromancers
podcast_episode,Mimic
podcast_episode,He
podcast_episode,A Visitor from Down Under
podcast_episode,From the Dead
podcast_episode,Bartleby the Scrivener
podcast_episode,Who Goes There?
podcast_episode,The Thing on the Roof
podcast_episode,The Werewolf of Paris
podcast_episode,The Upper Berth
podcast_episode,Polaris
podcast_episode,The Pit and the Pendulum
podcast_episode,The Blood
podcast_episode,The Ocean Leech
podcast_episode,Three Skeleton Key
podcast_episode,The Voice in the Night
podcast_episode,Jerry Jarvis's Wig
podcast_episode,Fondly Fahrenheit
podcast_episode,The Dead Valley
podcast_episode,Out of the Deep
podcast_episode,The Quest of Iranon & The Moon
podcast_episode,Haita the Shepard
podcast_episode,Facts Concerning the Late Arthur Jermyn and His Family
podcast_episode,Child's Play
podcast_episode,The Maker of Gargoyles
podcast_episode,The Gable Window
podcast_episode,The Chronic Argonauts
podcast_episode,The House on the Borderland
podcast_episode,The Testament of Magdalen Blair
podcast_episode,The Call of Cthulhu
podcast_episode,Cool Air
podcast_episode,The Silver Key
podcast_episode,Wolfert Webber (The Money Diggers
podcast_episode,The Distressing Tale of Thangobrind the Jeweller
podcast_episode,Vengeance by Proxy
podcast_episode,Candide
podcast_episode,The Judge’s House
podcast_episode,The Horror at Red Hook
podcast_episode,The Kill
podcast_episode,“Till A’ the Seas,” Collapsing Cosmoses, The Battle that Ended the Century
podcast_episode,Tsathoggua
podcast_episode,Under The Pyramids
podcast_episode,Of One Blood
podcast_episode,The Colour Out of Space
podcast_episode,Slime
podcast_episode,Nemo Me Impune Lacessit
podcast_episode,The Shining Pyramid
podcast_episode,Notebook Found in a Deserted House
podcast_episode,The October Game
podcast_episode,The Black Cat
podcast_episode,Farnsworth Wright Stories
podcast_episode,The Diamond Lens
podcast_episode,O, Christmas Tree
podcast_episode,Nutcracker and Mouse
podcast_episode,The Shadow Kingdom
podcast_episode,The Unnamable
podcast_episode,Something in the Moonlight
podcast_episode,The Drone
podcast_episode,The Tell
podcast_episode,The Hunters from Beyond
podcast_episode,Ooze
podcast_episode,The Monkey’s Paw
podcast_episode,The Leopard Lady
podcast_episode,Wuthering Heights
podcast_episode,The Mannikin
podcast_episode,The Hospice
podcast_episode,The Other Side
podcast_episode,Shambleau
podcast_episode,The Lurking Fear
podcast_episode,Deaf, Dumb, and Blind
podcast_episode,Green Tea
podcast_episode,The Devil's Crypt
podcast_episode,People of the Dark
podcast_episode,The Opener of the Way
podcast_episode,The Sandman
podcast_episode,Transformation
podcast_episode,For the Blood is the Life
podcast_episode,The Girl with the Hungry Eyes
podcast_episode,The Body
podcast_episode,Werewolf Bonus Track!
podcast_episode,From A to Z, in the Chocolate Alphabet
podcast_episode,The Master of Rampling Gate
podcast_episode,The Devil and Tom Walker
podcast_episode,The Red Hand
podcast_episode,A Recluse
podcast_episode,The Hoard of the Wizard
podcast_episode,Don't Look Now
podcast_episode,The Refugee
podcast_episode,The Comet
podcast_episode,Gonna Roll the Bones
podcast_episode,Outside the House
podcast_episode,The Colossus of Ylourgne
podcast_episode,The Man Who Went Too Far
podcast_episode,The Captain of the Pole
podcast_episode,A Matter of Fact
podcast_episode,Crewe
podcast_episode,The Diary of Alonzo Typer
podcast_episode,The Shadow Out of Time
podcast_episode,Blood for the Vampire Dead
podcast_episode,The Old Nurse's Story
podcast_episode,The Hoofed Thing
podcast_episode,The Secret in the Tomb & The Suicide in the Study
podcast_episode,The House and The Brain
podcast_episode,The Desrick on Yandro
podcast_episode,The Yellow Wallpaper
podcast_episode,Copping Squid
podcast_episode,The Lumber Room & The She
podcast_episode,The Black Stone Statue
podcast_episode,The Gateway of the Monster
podcast_episode,The Masque of the Red Death
podcast_episode,Ethan Brand
podcast_episode,Innsmouth Wrap
podcast_episode,The Canterville Ghost
podcast_episode,Men Without Bones
podcast_episode,Mrs. Lunt
podcast_episode,Gabriel
podcast_episode,Poetry and the Gods & Celephais
podcast_episode,The Signal
podcast_episode,The Canal
podcast_episode,Lovecraft’s Juvenilia
podcast_episode,Speech Sounds
podcast_episode,And the Dead Spake
podcast_episode,In Amundsen's Tent
podcast_episode,In the Abyss
podcast_episode,The Aquarium
podcast_episode,The Horror of the Heights
podcast_episode,Varney the Vampire
podcast_episode,Lot no. 249
podcast_episode,The White People
podcast_episode,Lovecraft’s Last Days and Legacy
podcast_episode,Good Lady Ducayne
podcast_episode,The Derelict
podcast_episode,The Story of the Inexperienced Ghost
podcast_episode,Medusa’s Coil
podcast_episode,Ancient Sorceries
podcast_episode,The Street
podcast_episode,Edward Randolph’s Portrait
podcast_episode,The Painted Skin, The Haunted House & Spitting Water
podcast_episode,The Children of the Night
podcast_episode,The House of the Sphinx & The Probable Adventure of Three Literary Men
podcast_episode,The House of Sounds
podcast_episode,Brenda
podcast_episode,The Shadows on the Wall
podcast_episode,The Willows
podcast_episode,Herbert West: Reanimator
podcast_episode,Under the Pyramids
podcast_episode,What the Moon Brings & Azathoth
podcast_episode,Supernatural Horror in Literature
podcast_episode,Bartleby, the Scrivener
podcast_episode,The Fall of the House of Usher
podcast_episode,Enoch
podcast_episode,Smoke Ghost
podcast_episode,The Demoiselle D'ys
podcast_episode,HPPodcraft LIVE in Chicago!
podcast_episode,The Dreams in the Witch House
podcast_episode,Sticks
podcast_episode,The Vengeance of Nitocris
podcast_episode,The Tapestried Chamber
podcast_episode,Leslie S. Klinger Interview
podcast_episode,S.T. Joshi Interview
podcast_episode,The Outsider
podcast_episode,The Hanging Stranger
podcast_episode,NecronomiCon
podcast_episode,The Haunter of the Dark
podcast_episode,The Horror in the Museum
podcast_episode,Pigeons from Hell
podcast_episode,The Difficulty of Crossing a Field, An Unfinished Race, Charles Ashmore’s Trail, Science to the Front & Oil of Dog!
podcast_episode,The Dream of Akinosuke
podcast_episode,The Beast with Five Fingers
podcast_episode,Queen of the Black Coast
podcast_episode,The Dunwich Horror
podcast_episode,The Challenge from Beyond
podcast_episode,The Invaders
podcast_episode,The Black Stone
podcast_episode,The Phantom of the Opera
podcast_episode,The Strange Case of Dr. Jekyll and Mr. Hyde
podcast_episode,The Bells of Oceana
podcast_episode,The Suitable Surroundings
podcast_episode,In the Walls of Eryx
podcast_episode,From Beyond
podcast_episode,Out of the Aeons
podcast_episode,The Crimson Blind
podcast_episode,The Green Wildebeest
podcast_episode,Urban Legends & Random Obsessions 1
podcast_episode,The Money Diggers
podcast_episode,Metzengerstein
podcast_episode,The Screwfly Solution
podcast_episode,The Novel of the Black Seal
podcast_episode,The Mummy’s Foot
podcast_episode,The Thing on the Doorstep
podcast_episode,The Dunwich Horror Revisited
podcast_episode,Luella Miller
podcast_episode,The Transition of Juan Romero
podcast_episode,The Ambitious Guest
podcast_episode,The Tree & The Cats of Ulthar
podcast_episode,Manuscript Found in a Bottle
podcast_episode,Spawn of the Green Abyss
podcast_episode,The Empty House
podcast_episode,The Sunken Land
podcast_episode,The H.P. Lovecraft Historical Society’s Time Machine
podcast_episode,The Doom That Came to Sarnath
podcast_episode,The Horla
podcast_episode,The Unbroken Chain
podcast_episode,Who Knows?
podcast_episode,In the Vault & The Descendant
podcast_episode,The Vegetable Man
podcast_episode,The Mark of the Beast
podcast_episode,Bat Man
podcast_episode,Lost Memory
podcast_episode,The Rat
podcast_episode,The Other Gods
podcast_episode,The Novel of the White Powder
podcast_episode,The Harbour
podcast_episode,The Striding Place
podcast_episode,The Diary of a Madman
podcast_episode,Count Magnus
podcast_episode,Ligeia
podcast_episode,Fat Face
podcast_episode,A Warning to the Curious
podcast_episode,Seaton’s Aunt
podcast_episode,A Strange Christmas Game & Smee
podcast_episode,Black God's Kiss
podcast_episode,The Space
podcast_episode,The Shadow
podcast_episode,Po’ Sandy
podcast_episode,The King of the Cats
podcast_episode,Innsmouth Clay
podcast_episode,Hypnos
podcast_episode,The Lake
podcast_episode,The Man of the Crowd
podcast_episode,Dracula’s Guest
podcast_episode,The Stalls of Barchester Cathedral
podcast_episode,The Hounds of Tindalos
podcast_episode,Ramsey Campbell Interview
podcast_episode,The Wind in the Portico
podcast_episode,The Invisible Eye
podcast_episode,The Time Machine
podcast_episode,The Curse of Yig
podcast_episode,The Room in the Tower
podcast_episode,Frankenstein
podcast_episode,The Grinning Ghoul
podcast_episode,The Facts in the Case of M. Valdemar
podcast_episode,The Man Upstairs
podcast_episode,At the Mountains of Madness
podcast_episode,The Spook House
podcast_episode,The Music of Erich Zann
podcast_episode,Doctor Satan
podcast_episode,The Face
podcast_episode,The Beast of Averoigne
podcast_episode,The Seven Geases
podcast_episode,The Moonlit Road
podcast_episode,The Spectre
podcast_episode,The Survivor
podcast_episode,The Human Chair
podcast_episode,The Bus
podcast_episode,The Trap
podcast_episode,The Yellow Sign
podcast_episode,The Tower of the Elephant
podcast_episode,The Dead Smile
podcast_episode,The Phantom Rickshaw
podcast_episode,Beyond the Wall of Sleep
podcast_episode,Thurnley Abbey
podcast_episode,The Mask
podcast_episode,Negotium Perambulans
podcast_episode,The Transfer
podcast_episode,Beyond the Door
podcast_episode,Sredni Vashtar & Tobermory
podcast_episode,The Events at Poroth Farm
podcast_episode,The Wolf
podcast_episode,A Rose for Emily
podcast_episode,Yesterday Was Monday
podcast_episode,William Wilson
podcast_episode,Kid Stuff
podcast_episode,The House Among the Laurels
podcast_episode,Bloodchild
podcast_episode,Sir Bertrand
podcast_episode,Where Their Fire is not Quenched
podcast_episode,Master of the Asteroid
podcast_episode,The Disinterment
podcast_episode,The Night Wire
podcast_episode,The Book & The Tree on the Hill
podcast_episode,The Damned Thing
podcast_episode,The Wendigo
podcast_episode,The Hound
podcast_episode,The Faceless God
podcast_episode,The Eyes
podcast_episode,Caterpillars
podcast_episode,The Werewolf of Ponkert
podcast_episode,To Arkham and the Stars
podcast_episode,A Story Told by the Sea
podcast_episode,The Death of Halpin Frayser
podcast_episode,The Tree
podcast_episode,The Mound
podcast_episode,Nyarlathotep & The Crawling Chaos
podcast_episode,An Account of Some Strange Disturbances in Aungier Street
podcast_episode,The Man from Time
podcast_episode,The Terror from the Depths
podcast_episode,Dig Me No Grave
podcast_episode,The Charnel God
podcast_episode,The Strange High House in the Mist
podcast_episode,The Vaults of Yoh
podcast_episode,The Testament of Athammaus
podcast_episode,Dagoniad
podcast_episode,In the Court of the Dragon
podcast_episode,The Fog Horn
podcast_episode,The Middle Toe of the Right Foot & An Inhabitant of Carcosa
podcast_episode,The Graveyard Rats
podcast_episode,The Tomb
podcast_episode,The Rats in the Walls
podcast_episode,The Red Lodge
podcast_episode,The Great God Pan
podcast_episode,On the Slab
podcast_episode,The Horror at Chilton Castle
podcast_episode,My Dear Emily
podcast_episode,The Adventure of Sam (The Money Diggers
podcast_episode,The Horse of the Invisible
podcast_episode,The Statement of Randolph Carter
podcast_episode,Some Words with a Mummy
podcast_episode,The Very Old Folk & The Thing in the Moonlight
podcast_episode,Smith: An Episode in a Lodging
podcast_episode,The White Ship
podcast_episode,Dagon
podcast_episode,The Moon Pool
podcast_episode,Dracula
podcast_episode,The Exiles Club & The Three Infernal Jokes
podcast_episode,The Street of the Four Winds
podcast_episode,Oh, Whistle, and I’ll Come to You, My Lad
podcast_episode,The Invisible Man
podcast_episode,The Fire of Asshurbanipal
podcast_episode,The Sea Raiders and Sea Curse
podcast_episode,Nightfall
podcast_episode,Moxon’s Master
podcast_episode,The Monster of Lake LaMetrie
podcast_episode,The New Catacomb
podcast_episode,The Ghosts of the Future
podcast_episode,The Necromancer
podcast_episode,The Slithering Shadow
podcast_episode,Wolfshead
podcast_episode,Skeleton
podcast_episode,Between the Lights
podcast_episode,The Cyprian Cat
podcast_episode,Black Destroyer
podcast_episode,The Stranger & A Diagnosis of Death
podcast_episode,A Resumed Identity & Beyond the Wall
podcast_episode,I Am Legend
podcast_episode,The Hound of Death
podcast_episode,The Picture of Dorian Gray
podcast_episode,Urban Legends & Random Obsessions 2
podcast_episode,The Case of Charles Dexter Ward
podcast_episode,The Kit
podcast_episode,History of the Necronomicon & Ibid
podcast_episode,Fishhead
podcast_episode,The Festival
podcast_episode,The HPLHS Time Machine!
podcast_episode,The Picture in the House
podcast_episode,The Mortal Immortal
podcast_episode,HPPodcraft LIVE in Providence 2017
podcast_episode,All Hallows
podcast_episode,H. P. Lovecraft Biography
podcast_episode,The Horror at Martin’s Beach
podcast_episode,Live Show Q & A
podcast_episode,The Minister’s Black Veil
podcast_episode,The Waters of Death
podcast_episode,The Apparition of Mrs. Veal
episode_number,39
episode_number,231
episode_number,442
episode_number,100
episode_number,323
episode_number,165
episode_number,458
episode_number,559
episode_number,241
episode_number,457
episode_number,465
episode_number,155
episode_number,529
episode_number,200
episode_number,472
episode_number,138
episode_number,116
episode_number,597
episode_number,240
episode_number,94
episode_number,72
episode_number,513
episode_number,211
episode_number,3
episode_number,2
episode_number,403
episode_number,237
episode_number,468
episode_number,219
episode_number,467
episode_number,385
episode_number,413
episode_number,44
episode_number,487
episode_number,255
episode_number,470
episode_number,417
episode_number,348
episode_number,439
episode_number,301
episode_number,69
episode_number,345
episode_number,149
episode_number,134
episode_number,369
episode_number,358
episode_number,552
episode_number,126
episode_number,82
episode_number,41
episode_number,179
episode_number,92
episode_number,364
episode_number,338
episode_number,128
episode_number,262
episode_number,438
episode_number,332
episode_number,222
episode_number,379
episode_number,142
episode_number,32
episode_number,469
episode_number,51
episode_number,443
episode_number,198
episode_number,502
episode_number,405
episode_number,482
episode_number,375
episode_number,247
episode_number,257
episode_number,367
episode_number,433
episode_number,415
episode_number,246
episode_number,192
episode_number,380
episode_number,562
episode_number,474
episode_number,452
episode_number,22
episode_number,404
episode_number,276
episode_number,253
episode_number,46
episode_number,54
episode_number,158
episode_number,319
episode_number,71
episode_number,353
episode_number,203
episode_number,193
episode_number,528
episode_number,577
episode_number,449
episode_number,594
episode_number,567
episode_number,459
episode_number,131
episode_number,494
episode_number,372
episode_number,281
episode_number,79
episode_number,178
episode_number,580
episode_number,26
episode_number,225
episode_number,541
episode_number,373
episode_number,204
episode_number,461
episode_number,208
episode_number,48
episode_number,480
episode_number,190
episode_number,412
episode_number,309
episode_number,146
episode_number,599
episode_number,144
episode_number,569
episode_number,526
episode_number,506
episode_number,495
episode_number,228
episode_number,351
episode_number,226
episode_number,483
episode_number,343
episode_number,148
episode_number,434
episode_number,271
episode_number,292
episode_number,424
episode_number,298
episode_number,197
episode_number,177
episode_number,130
episode_number,337
episode_number,517
episode_number,446
episode_number,111
episode_number,267
episode_number,489
episode_number,454
episode_number,295
episode_number,314
episode_number,395
episode_number,13
episode_number,161
episode_number,344
episode_number,207
episode_number,313
episode_number,120
episode_number,1
episode_number,532
episode_number,189
episode_number,600
episode_number,8
episode_number,407
episode_number,572
episode_number,232
episode_number,410
episode_number,251
episode_number,476
episode_number,125
episode_number,356
episode_number,242
episode_number,108
episode_number,518
episode_number,137
episode_number,447
episode_number,545
episode_number,31
episode_number,325
episode_number,245
episode_number,150
episode_number,548
episode_number,522
episode_number,538
episode_number,194
episode_number,581
episode_number,318
episode_number,576
episode_number,151
episode_number,524
episode_number,166
episode_number,127
episode_number,195
episode_number,397
episode_number,409
episode_number,66
episode_number,27
episode_number,392
episode_number,220
episode_number,525
episode_number,217
episode_number,560
episode_number,586
episode_number,453
episode_number,334
episode_number,261
episode_number,431
episode_number,212
episode_number,514
episode_number,419
episode_number,180
episode_number,406
episode_number,49
episode_number,486
episode_number,401
episode_number,430
episode_number,104
episode_number,238
episode_number,484
episode_number,516
episode_number,234
episode_number,12
episode_number,282
episode_number,592
episode_number,320
episode_number,574
episode_number,89
episode_number,588
episode_number,500
episode_number,542
episode_number,422
episode_number,341
episode_number,411
episode_number,582
episode_number,316
episode_number,273
episode_number,206
episode_number,45
episode_number,402
episode_number,264
episode_number,90
episode_number,435
episode_number,63
episode_number,110
episode_number,107
episode_number,73
episode_number,394
episode_number,61
episode_number,196
episode_number,24
episode_number,326
episode_number,350
episode_number,501
episode_number,101
episode_number,210
episode_number,184
episode_number,308
episode_number,58
episode_number,584
episode_number,169
episode_number,534
episode_number,317
episode_number,68
episode_number,335
episode_number,490
episode_number,229
episode_number,270
episode_number,156
episode_number,549
episode_number,182
episode_number,136
episode_number,93
episode_number,530
episode_number,497
episode_number,86
episode_number,186
episode_number,252
episode_number,553
episode_number,425
episode_number,593
episode_number,87
episode_number,11
episode_number,97
episode_number,183
episode_number,103
episode_number,408
episode_number,277
episode_number,260
episode_number,81
episode_number,52
episode_number,174
episode_number,496
episode_number,23
episode_number,102
episode_number,554
episode_number,163
episode_number,65
episode_number,95
episode_number,421
episode_number,531
episode_number,381
episode_number,83
episode_number,185
episode_number,342
episode_number,274
episode_number,75
episode_number,106
episode_number,389
episode_number,444
episode_number,96
episode_number,512
episode_number,510
episode_number,573
episode_number,399
episode_number,427
episode_number,10
episode_number,471
episode_number,595
episode_number,479
episode_number,152
episode_number,287
episode_number,114
episode_number,40
episode_number,388
episode_number,199
episode_number,258
episode_number,129
episode_number,371
episode_number,481
episode_number,286
episode_number,164
episode_number,537
episode_number,175
episode_number,492
episode_number,363
episode_number,596
episode_number,505
episode_number,575
episode_number,173
episode_number,50
episode_number,466
episode_number,305
episode_number,360
episode_number,566
episode_number,315
episode_number,29
episode_number,503
episode_number,331
episode_number,432
episode_number,564
episode_number,62
episode_number,456
episode_number,429
episode_number,330
episode_number,523
episode_number,293
episode_number,223
episode_number,498
episode_number,230
episode_number,561
episode_number,508
episode_number,236
episode_number,539
episode_number,4
episode_number,557
episode_number,451
episode_number,259
episode_number,167
episode_number,218
episode_number,291
episode_number,187
episode_number,294
episode_number,579
episode_number,60
episode_number,333
episode_number,265
episode_number,37
episode_number,99
episode_number,393
episode_number,30
episode_number,382
episode_number,256
episode_number,113
episode_number,288
episode_number,507
episode_number,307
episode_number,132
episode_number,398
episode_number,509
episode_number,473
episode_number,460
episode_number,162
episode_number,448
episode_number,515
episode_number,491
episode_number,263
episode_number,74
episode_number,368
episode_number,201
episode_number,583
episode_number,157
episode_number,85
episode_number,455
episode_number,80
episode_number,285
episode_number,283
episode_number,450
episode_number,243
episode_number,306
episode_number,172
episode_number,14
episode_number,463
episode_number,322
episode_number,312
episode_number,384
episode_number,598
episode_number,544
episode_number,35
episode_number,67
episode_number,145
episode_number,535
episode_number,279
episode_number,227
episode_number,84
episode_number,280
episode_number,171
episode_number,296
episode_number,216
episode_number,266
episode_number,143
episode_number,121
episode_number,400
episode_number,550
episode_number,248
episode_number,370
episode_number,426
episode_number,396
episode_number,239
episode_number,289
episode_number,91
episode_number,311
episode_number,188
episode_number,536
episode_number,543
episode_number,376
episode_number,374
episode_number,418
episode_number,519
episode_number,88
episode_number,159
episode_number,499
episode_number,533
episode_number,477
episode_number,387
episode_number,347
episode_number,378
episode_number,76
episode_number,6
episode_number,327
episode_number,590
episode_number,117
episode_number,181
episode_number,488
episode_number,304
episode_number,153
episode_number,571
episode_number,9
episode_number,357
episode_number,70
episode_number,556
episode_number,168
episode_number,565
episode_number,209
episode_number,275
episode_number,15
episode_number,547
episode_number,16
episode_number,527
episode_number,214
episode_number,191
episode_number,133
episode_number,254
episode_number,42
episode_number,365
episode_number,578
episode_number,43
episode_number,589
episode_number,272
episode_number,105
episode_number,464
episode_number,390
episode_number,361
episode_number,154
episode_number,416
episode_number,141
episode_number,18
episode_number,601
episode_number,268
episode_number,233
episode_number,160
episode_number,336
episode_number,215
episode_number,17
episode_number,25
episode_number,377
episode_number,328
episode_number,38
episode_number,140
episode_number,235
episode_number,115
episode_number,555
episode_number,570
episode_number,290
episode_number,21
episode_number,352
episode_number,520
episode_number,221
episode_number,521
episode_number,462
episode_number,224
episode_number,284
episode_number,147
episode_number,56
episode_number,297
episode_number,511
episode_number,123
episode_number,391
episode_number,98
episode_number,546
episode_number,300
episode_number,64
episode_number,428
episode_number,269
episode_number,119
episode_number,249
episode_number,383
episode_number,558
episode_number,324
episode_number,53
episode_number,414
episode_number,47
episode_number,202
episode_number,591
episode_number,551
episode_number,122
episode_number,59
episode_number,244
episode_number,302
episode_number,504
episode_number,366
episode_number,437
episode_number,540
episode_number,349
episode_number,475
episode_number,135
episode_number,34
episode_number,213
episode_number,310
episode_number,585
episode_number,19
episode_number,568
episode_number,441
episode_number,346
episode_number,339
episode_number,205
episode_number,33
episode_number,5
episode_number,321
episode_number,355
episode_number,36
episode_number,55
episode_number,340
episode_number,57
episode_number,493
episode_number,440
episode_number,420
episode_number,436
episode_number,354
episode_number,478
episode_number,587
episode_number,112
episode_number,139
episode_number,7
episode_number,303
episode_number,176
episode_number,445
episode_number,28
episode_number,20
episode_number,485
episode_number,423
episode_number,386
episode_number,362
episode_number,170
episode_number,118
episode_number,250
episode_number,329
episode_number,78
episode_number,299
episode_number,124
episode_number,359
episode_number,278
episode_number,109
episode_number,77
episode_number,563
podcast_streaming_provider,HP Podcraft
podcast_streaming_provider,HPPodcraft
podcast_streaming_provider,H. P. Podcraft